{"tissue_hires_scalef": 0.17699115, "tissue_lowres_scalef": 0.053097345, "fiducial_diameter_fullres": 144.509730125681, "spot_diameter_fullres": 89.4584043635168}