{"tissue_hires_scalef": 0.17011142, "tissue_lowres_scalef": 0.051033426, "fiducial_diameter_fullres": 144.47733398563383, "spot_diameter_fullres": 89.43834961015428}